Photographer_id,Photographer
5767088,eugenia remark
406314056,paul jousseau
956039,jill evans
1245209,polina chistyakova
2659,pixabay
557790,vincent m.a. janssen
651604,pierre blache
409034,marcin gierbisz
1664241,alex azabache
110873,frank zienert
912559,elina sazonova
157232,margerretta
338925,borja lopez
372053,matt hardy
1716093,diana titenko
1423213,kateryna babaieva
344345,dimitri kuliuk
275404,guillaume hankenne
1396663,paul deetman
2848684,mathias reding
1092867,yovan verma
1151175,ali muftuoƒüullarƒ±
1233920,shvets anna
638530,adrienn
1336561,luke webb
222657,ashley fontana
878988,rosivan  morais
210748575,jeremy glineur
146194,vedant sharma
1132339,vincent rivaud
1265830,paulo marcelo martins
619294,liam gant
634961,tom verdoot
8571578,blue arauz
873099,olena bohovyk
1753615,hakeem james hausley
1877451,david pinheiro
1495233,anna urlapova
1480481,viviana ceballos
3004949,maria orlova
288978,peter de vink
255107,henrik pfitzenmaier
839768,laura stanley
1257089,adrien olichon
1265689,tommy milanese
115439,edward eyer
545701,silvia trigo
316220,huy phan
3398578,julia volk
24040751,alex quezada
138962,nicolas postiglioni
232149,emmylou
215863,enrico perini
302543,victor lavaud
224830,tim
1245020,mati mango
1766858,amy burry
154317,flo dahm
2238448,avonne stalling
1800970,joellen moths
1263854,erica zhao
11437196,mikhail nilov
146718,nextvoyage
1761205,berk ozdemir
1353029,juliana chyzhova
3935479,enric cruz lopez
1149738,kevin kobal
918376,stacy
302958,philip ackermann
847558,boris ulzibat
2906295,nataliya vaitkevich
1190570,thu trang
140206,gustavo novo
201020,mark neal
407380,ignacio pales
199600,marcin jozwiak
53280,irtaza ali
3,ingo joseph
1263206,andie venzl
1512509,anastasiia petrova
197616,javon swaby
330211,mati angulo
447123,luis quintero
934267,@felipepelaquim -
493,daniel frese
1027748,selim cetin
1280625,chris czermak
120847,jose mieres
1316421,aramis cartam
1256099,aleks magnusson
1427863,joel
6926475,dario fernandez ruz
1430818,markus winkler
198265272,alfo medeiros
4621636,mv  vacation
1382230,gaspar zaldo
1268114,roberto nickson
76944072,yura forrat
1270765,josh hild
1385553,itzyphoto
2800794,spencer davis
511560,micha≈Ç ludwiczak
99238,quintin gellar
1702385,efrain alonso
402486657,carlo obrien
3355734,ken cheung
662135,ray bilcliff
2858898,cristian grigore
155996,lukas kloeppel
1234433,leon macapagal
19851,markus spiske
373869,airam dato-on
50725,leah kelley
1522664,taryn elliott
558609,james wheeler
66964,pascal claivaz
1278367,ian beckley
1251208,amit thakral
2278756,vlada karpovich
583126,caleb oquendo
35519,aaron kittredge
202684,filippo bergamaschi
1220460,jonathan schmer
43594,andre furtado
1241799,jaime flores
3660475,charles parker
2062658,eric thurber
2332540,karolina grabowska
6927955,william  fortunato
224453,andrea piacquadio
655865,sam lim
52377,zhang kaiyv
105079,aleksandar pasaric
639310,dimitris.s12
1489665,lian rodriguez
11747,liszt yu
353287,suzy hazelwood
102775,magda ehlers
31713,david besh
662810,sabel blanco
135125,irina iriser
111222,claudia seidensticker
1213899,jiawei cui
2871253,anna tarazevich
1169776,saunak shah
1264483,asrul anuar
2030075,jason jansen
422929671,artem yellow
3431481,ryutaro tsukata
2963413,van trang ho
3052,tom fisk
707303,zifeng xia
2891577,mehmet turgut  kirkgoz
2483274,ella wei
94107678,jackerkun
56316964,garrison gao
3495966,marstion
105922,robert  stokoe
3916129,john lee
2582153,ÂÖâÊõ¶ Âàò
2910042,diana
2383099,wewe yang
69424754,frank he
159587902,jasmine xie
142954170,charles welson
222549,quang nguyen vinh
928963,matteo basile
2638779,gianluca grisenti
1691617,michael block
141023,jacob morch
21273,francesco ungaro
2913248,pat whelen
201846,frans van heerden
694864,grafixart_photo samir belhamra
1107605,symeon ekizoglou
166939,krivec ales
158558,artur roman
898664,cmonphotography
5540,anastasiya lobanovskaya
130507,andrea albanese
363530,maegan white
447505,dids
233851,s migaj
1510310,szabolcs toth
304110,sarah  acconcia
178906,mauricio artieda
203320,lorenzo pacifico
986823,michael giugliano
679902,melissa thomas
2946790,leeloo thefirst
1332318,fabio marciano
65982,kai pilger
2241261,shann
1193140,krisztina papp
1061570,alexander nadrilyanski
1002140,wolfgang
45760220,esrageziyor
253582,andrei tanase
129267,tomas anunziata
43782,david bartus
759544,griffin wooldridge
364611,axel grollemund
27736,bastian riccardi
18128,tiana
826746,julia khalimova
1894260,travis robertson
104744887,angelo esposito
152665775,≈üeyma d.
150089603,farida najafguliyeva
144475329,dilara irem
21435626,medinegurbet
282933795,cihan osman tunceli
50964441,feyza yƒ±ldƒ±rƒ±m
1995936,levent simsek
712806,burak karaduman
2115122,aram sabah
770850,adil
1127278,ekrulila
393955,selcuk teke
1190967,hakan tahmaz
382866119,beyzanur k.
48867324,sami  aksu
3929575,meruyert gonullu
126770705,tolga aslanturk
688647,mykola khomenko
541357,≈üahin sezer dincer
270062,oziel gomez
1749662,suhel vba
100512,oleksandr pidvalnyi
165512737,casper somia
2570462,antoni shkraba
631997,engin akyurt
2093459,erik karits
187589,creapattern
42372906,ikbal alahmad
71369701,mehmet kƒ±lƒ±nc
123881420,saban cifcibasi
2744079,lezgin epik
202978783,m.emin  biÃáliÃár
333086625,christina kuklina
109306362,tahir osman
812352,raul juarez
848896,darren lawrence
1175375,javier cruz
21603,bruno cervera
39047,scott webb
250108,genaro servin
194140,rafael guajardo
211427,karla lopez
928743,jose
674798,bhargava marripati
11924337,los muertos crew
2014526,hana brannigan
307187367,joel zar
1707817,aviv perets
722822,ricardo esquivel
2090056,ivon gorgonio
1957380,andre
292165429,israel  humberto
750966,david dominguez
149768,victor roque
22379,luis  ruiz
1274774,viviana camacho
1344341,leonardo rossatti
1722949,anastasia golovina
242488507,david gracia
90237729,josh withers
1363749,amy farias
295717408,maria regina  diaz
243131620,liliana dawson
3787727,daniela velarde
1171881,yuri manei
91519149,melissa sombrerero
3271144,ana sofia bustamante
6464786,samuel sweet
196511575,fausto hernandez
1884800,mike van schoonderwalt
2728492,tutti martin
2523249,clive kim
2750127,esmaragdo camaz
246994617,sergio contreras arcos
235374482,edgar  rodrigo
221717283,robert lozano
232229087,genuine_ anthony
239815895,miguel salas
2031205,vladyslav dushenkovsky
1306815,stijn dijkstra
294331,jimmy teoh
1717068,ivica d≈æambo
1745809,sippakorn yamkasikorn
48631,miro alt
1761778,nikki williams
67659,suzukii xingfu
1453152,rattasat
1368248,yasin gundogdu
866465,kim jinhong
1437723,cottonbro studio
25294,neosiam  2021
2134391,the lost ninja
1352975,leonid danilov
258084,streetwindy
2088139,nan ding
403135,visarut tippun
613357,tim durgan
584112,thunyarat klaiklang
1883577,shalender kumar
368584,bas masseus
1600446,Èæî ÊúàÂº∑
48519373,george pak
2733955,mateusz sa≈Çaciak
1307894,valeriia miller
1897861,sven huls
5767085,alesia  kozik
424445,johannes plenio
44775,lum3n
801267,maria geller
1489581,oliver lechner
1273004,palu malerba
1786350,–≤–∏–∫—Ç–æ—Ä–∏—è
3604502,philip warp
344572,felix mittermeier
1480163,stanley ndua
396539,stephan seeber
1437669,kyle
958112,abdel rahman abu baker
2441340,anastasia  shuraeva
187797,niki nagy
1172079,philipp deus
2319065,wiriyah ruechaipanit
3773880,skylar kang
255065,jens mahnke
355704,vectors icon
3490662,aleks marinkovic
15941,dominika gregu≈°ova
876963,chait goli
139261,chris schippers
975080,alessio cesario
35450783,olga lioncat
84481,gashif rheza
1845750,peter laskowski
890382,yoss traore
61182,florent b.
221705,john smith
1592920,georg
593836,lina kivaka
178978,nikita khandelwal
205481,peter spencer
188188,guillaume meurice
20649,mike b
20171,jerome dominici
1715967,alex chistol
106219,sevenstorm juhaszimrus
1315397,stephen + alicia
855622,ericson fernandes
170633,ivan lada
268302,mike clegg
255181,john martin bramham
26735,lisa fotios
66676,adriano meirinho
114076,"johny rebel, the explorer panda"
119508,geoff duke
108071,neil martin
425498,mitchell henderson
80627,oltion bregu
210498,carlos  pernalete tua
1885434,som thapa magar
2158026,thanos ayers
1232402,kris lucas
1195659,marcel hergaarden
2370260,murad murat
16524,javier gonzalez
793526,toma≈° malik
768256,gya den
1272316,alex knight
112571,tirachard kumtanom
401527143,mitch lally
259965,satoshi hirayama
1058775,evgeny tchebotarev
1270232,casia charlie
546865,sunil poudel
3561867,dlkr
223358,andrey grushnikov
1016051,audrey mari
535102,kyle kroeger
265354,qihong
2211886,d j
2134979,stephan streuders
2624,donald tong
140183,ben cheung
2135752,jerry wang
205228,akane zen
1264118,tim grundtner
181980,simon berger
282994,rahat ali
323324,constantin
240301,julius silver
848498,roni alfasi
2125517,edou hoekstra
126814,eliska trnavska
806590,brian  de karma
1056622,tatiana syrikova
213601,michal pech
1053507,eitan rudinsky
406313862,krzysztof biernat
209799,najoie eddahbi
48865867,diana smykova
3727896,djordje ristic
42371713,valeriya kobzar
1711952,chris flxxx
1173862,harry dona
25736600,sanndy anghan
1503020,nikolett emmert
155334106,detlef bukowski
2519830,elias obernosterer
24827758,magic k
1847908,alperen gumu≈üsoy
3736440,gunther z
1534443,ivan
1115160,waldemar
23252514,irenefilms
101599570,natassa  nizami
1807277,nico siegl
12898382,nikolai ¬†
792184,q. h∆∞ng ph·∫°m
3628299,jorge urosa
45418582,mark amores
904575,ron rov
170983008,pham ngoc anh
333270,oliver sjostrom
118784,luciann photography
784301,valdemaras d.
253232,josiah lewis
1786654,maryia plashchynskaya
487,tetyana kovyrina
784089,denis zagorodniuc
685822,zsofia feher
7311,mali maeder
118658,dana tentis
363003,catia matos
176806,gotta be worth it
1495637,hert niks
251450,adrijana
228078,george desipris
217559,spyros boutsikos
171857,alexander mils
1058716,jaxson bryden
2187659,eray altay
3825640,georgios parlantzas
3928374,claudia schmalz
255959,dimitris stragalas
738843,matthias groeneveld
259751,julia sakelli
1434506,–¥–∏–∞–Ω–∞ –¥—É–Ω–∞–µ–≤–∞
10564,raduz
97941,hitesh choudhary
380720,dimitri dim
325118,deva darshan
695300,jegathisan manoharan
94113,adil alimbetov
97702,indra gunawan
1492825,sterry  larson
33563,pok rie
1713157,niko cezar
329300,jimmy chan
1953310,daniel anuar
1937167,ariful haque
1314967,riswairi razak
2693,zukiman mohamad
2077612,yulia
127514,ahmad khan
1398452,irsyad ibrahim
2281061,danish ahmad
560785,humphrey muleba
4849979,suhail azmi
2592381,omar elsharawy
273611,khairul onggon
2880813,dylan chan
1386995,declan see yan shan
2587640,mario pais cie
2954917,muhammad ali siddiqui
1986959,slhnalhfz
254417215,phearak chamrien
1449915,motomoto sc
393334,ihsan adityawarman
3106715,loc nguyen
561722,edwin jose
175967339,ilya batorshin
570556,ludwig  kwan
64457665,lander lai
1261436,vitalina
703539,umar mukhtar
1807011,ruvim
33181,azri suratmin
1104635,tiff ng
78973777,iurii laimin
57404230,oleg prachuk
1723948,joao cabral
379345,carlos machado
189720,almada studio
1489651,helena ije
1948254,frederico  erthal
516370,gabriela mendes
1263341,diogo brandao
108961,bekir donmez
571159,fox
1199972,egor kunovsky
321873,jesus
170529,sergio  souza
94105,lennart wittstock
695910,nadine wuchenauer
387315,wendy wei
1306756,darya chervatyuk
4672,kaique rocha
737612,valentine valentine
846253,wendel moretti
68254,devon rockola
1814213,ena marinkovic
2164776,elina fairytale
649765,yaroslav shuraev
67117688,–¥–º–∏—Ç—Ä–∏–π —Ç—Ä–µ–ø–æ–ª—å—Å–∫–∏–π
1190754,artyom kulakov
2678846,roman odintsov
1333232,irina luksha
69427093,ganimatque
37727429,marina leonova
2427660,imdat akgun
69813438,daniil ustinov
982181,arthur abdurashitov
445,asim alnamat
233202,igor starkov
2008087,vierro
1436964,ekaterina astakhova
1590129,alexey tsyganov
22992178,ron lach
486399,aleksandr neplokhov
2195383,maxim titov
1263958,maxim vostrikov
695658,alexander kovalev
118232,patricia lazaro
851295,brayden law
250243,nice guys
304906,arnie chou
1264486,alexander  wendt
262045412,connecting flights guide
2247916,nathan hardig
1606065,gorma kuma
1418472,jacky chiu
1352575,nick kwan
185741,chan danny
1953534,tatiana
99373185,b.n.w
2974312,dadan fitrayana
1627264,h·∫£i nguy·ªÖn
193020565,jay ngai
17627821,harry shum
1701137,angelyn sanjorjo
3479354,broken
768279,tomasz filipek
88086,curioso photography
2081525,jaro mar
1425290,dariusz staniszewski
434551,mohammed ajwad
1096222,mat kedzia
21063,photomix company
215243,dominika roseclay
7780,caio
30039676,mart  production
709561,mareks steins
2323975,giota sakellariou
1236801,anthony beck
237271098,anna holodna
4849252,egor komarov
201206117,skilltone
3340280,krolestwo nauki
3774246,tanya satina
2764192,jacek jan skorupski
2670,kaboompics .com
1069518,maksym harbar
1623474,daniel trylski
30667400,daniel eliashevsky
1326357,hubert nowik
2757640,florian grewe
3847752,jacek herbut
3439060,meszarcsek gergely
2773852,martin ziomek
2664,skitterphoto
2691146,adam borkowski
2153585,marek bojczuk
3907296,marek piwnicki
16869382,elena sivozhelezova
3672912,sheku  mans
92378908,karol zieli≈Ñski
154797634,sylwester ficek
1376930,jaime reimer
302220,vishal amin
1240439,errin casano
1734975,confinedriley
465925,vlad vasnetsov
1836670,anthony rodriguez
204495,xiaoyu chen
1181178,nork photography
115813531,paige deasley
2660,life of pix
2272619,rachel claire
3490375,samuel butikofer
520230,headshatter
322257,vincent albos
2158925,david luck
1429833,harrison haines
1592078,pedram farjam
1197396,maarten van den heuvel
185552641,hemil dhanani
133607070,ali kazal
250562,mian rizwan
1438309,christopher becke
8202,tim gouw
31836,matthis volquardsen
944455,ennvisionn
1147059,rachel
1048615,social soup social media
251077,roy post
460463,jack winbow
209450,shane aldendorff
1499369,jean carlo emer
233620,ivan rivero
217132,joao  jesus
47825,kayla ihrig
106403,marko zirdum
129683,henk mohabier
25062,george becker
384723245,consuelo borroni
132623147,kasia palitava
283688403,sleurink .jpeg
7163004,patrik felker
234740208,izzy
196863,ylanite koppens
165509801,bart ros
420532,dick scholten
114406011,jarnof productions
3689668,otra ruta
20457695,ivan dra≈æiƒá
9755155,yr
3361667,bodi
159587674,joost
260503469,pedro sanches
357964,marlene leppanen
177885845,ali  alcantara
31175,mabel amber
192072,teodor savin
525158,kata pal
2927620,gabriel guita
257061,jim richter
869119,hugo heimendinger
206851,min an
227335,thach tran
1189344,nate cohen
778278,loifotos
102835,zbigniew bielecki
3310,the vien
878068,hoang ch∆∞∆°ng
387181,phil nguyen
703104,nhat minh luong
324384,d∆∞∆°ng nhan
153256,louis phdc
2087590,hello cotton
8509,tranmautritam
183643,lam loi
358536,this is  zun
248787,vo thuy tien
1263124,@jeffgendy
1449274,nguy·ªÖn anh v≈©
196509784,duc nguyen
1331585,alberto capparelli
1063682,fuzail ahmad
76427,nandhu kumar
1498009,still pixels
178499,storishh
896438,fahad hussain
1405841,suraj gangoni
724334,parv choudhary
3149039,rodnae productions
217645,yogendra  singh
317400,rohit gangwar
169323,darshak pandya
976040,sagar soneji
220227,asif methar
2003434,abdul rabbani
2200126,hiyang prem
1156505,bhavesh jain
628195,parij photography
1323638,abhishek tanwar
1286798,harshit nandu
707118,mohsin khan
52402,aman jakhar
1586029,tushar
352845,godson bright
394550,bithin raj
1293477,glyson thomas
39132,digital buggu
2067399,vivek
1249695,shafi_fotumcatcher
475817,mateen kazi
1427075,richard mcalister
1271363,mohit suthar
2701006,narassima m s
208006,bhupendra  singh
1179532,kelly
1263130,shubham  nagralawala
1441733,bhavitya indora
1263188,keith lobo
223771,rehan verma
167124,wouter  de jong
1186446,hassan ahmad
994938,aditya ganpule
1257221,sam kolder
1755940,balaji srinivasan
2304239,imad clicks
84469,jeswin thomas
251926,suryansh  raghuvanshi
1738771,ma≈à√∏j gu≈ôja≈ï
108593,som
1263045,vikram singh
1264217,mohanaraj
1279552,ankit gupta
1263037,ranjan simkhada
1448839,rohan chowdhury
1484384,ashish kumar pandey
519406,amal abdulla
1123775,ethan brooke
772581,marius mann
234072,esther
204762399,vishnu murali
1740823,harry cunningham @harry.digital
187065,charles postiaux
18648978,tom  lok
61076572,zhengkui li
212558394,naufal shidqi
253748497,ann ost
320378226,cityintake
77351440,andrea de santis
193022345,hyunseung miles lee
311244,moussa idrissi
1394725,ÍπÄ ÎåÄÏ†ï
30037956,georgiana constantin
3695406,virdventure
61083217,uƒüurcan ozmen
17375059,son tung tran
3862519,luna groothedde
212563133,dennis park
241846587,dafne aranda
3425379,"joon young, park"
193020945,stephen tam
1144493,darius krause
1132392,nicole avagliano
26708,art≈´ras kokorevas
177638678,assedrani official
87362,palo cech
479438,marian florinel condruz
1021202,anfisa eremina
6925791,milada vigerova
45760514,umut gultekin
1149515,nicolas
604571,adonyi gabor
2613469,igor  dudkovskiy
214984943,zekai zhu
175406973,alexander popovkin
118639843,anton kudryashov
3565640,salim chauhan
2766954,arthouse studio
3158555,obryan poyser
120532599,em chei
72933654,sara coppini
2616211,vitalii dobrianskyi
258450633,aleksei pribolovski
1182448,vladimir srajber
125325419,niko peƒçnik
453711698,samuel jean butler
36976,david boca
305751,fotkalicahr
1378678,thilo lehnert
89898,lukas
5502,veeterzy
301262,peter fazekas
1035835,vito vidoviƒá
1090064,theo
1770446,neven krƒçmarek
424985504,oshko rush
1235061,timi keszthelyi
1575156,balog krisztina
6693443,matteus silva
204899,krisztian kormos
1345495,rohan hakani
285448,a. m
108388374,dinara guseinova
9756707,simon ly
5998914,dmytro kormylets
2645690,kirandeep singh walia
66163,samet kasik
44058757,karol czinege
383796968,benjamin stjepanoviƒá
49565104,kitsun yuen
308604,burkay canatar
167975,dalia nava
22732579,dagmara dombrovska
3680986,cristian salinas cisternas
257777306,dominiküòé
245056904,pexels user
2256410,kostas anastassiu
230481,prakhar bansal
3445927,steve chai
337043,bence szemerey
1815134,csongor kemeny
2127454,tove liu
2259363,alex max
56676765,wittmann csaba
352729781,luisa mierlƒÉ
169880157,life._.kor
322731648,gaspar ferenc
363024912,apollonia .
42389,kate trysh
52729,kostiantyn stupak
265439,zaib azhar üì∑
372176,the lazy artist gallery
1263128,pranjal srivastava
147458,jeshoots.com
3334879,max avans
1355085,lucas pereira carlini
1351193,ethan wilkinson
1273299,kedar bhave
1269754,richard galapate
3088726,tima miroshnichenko
205977,jc dubi
150086727,abid  bin nazar
2371067,hemz
3009141,jeffry surianto
1396134,marcio skull
1268975,mo eid
104728,sarath raj
29106256,kenza benaouda
50613492,martijn  vonk
2781965,denys gromov
742822,kevin villaruz
3651663,mohammed nasim
228505866,judah visuals
216540,san photography
1454343,mohamad
2733625,nirmal  dharshana
1923628,christian konopatzki
240569220,ilias fasoulis
17214,george tsai
171529524,ledana mance
22469233,nihongraphy  n
190602,manprit kalsi
80197268,lara jameson
318779,mathew thomas
218404,admiral general m. ‚≠ê‚≠ê‚≠ê‚≠ê‚≠ê godshepherdly 33277089*
1803654,nick wehrli
332272,futnote
738077,aron visuals
1183810,max ravier
1337313,arnie watkins
398931,gagaz adam
44106,sebastian arie voortman
1301163,kimberly mcneilus
1297920,timur kozmenko
730525,haydan as-soendawy
107128,ahmad syahrir
415760,darwis alwan
3566590,mario schmidt
379117,dio hasbi saniskoro
1265855,rennon kiefer
1437603,alifia harina
1512628,onisam
1389110,faisal hijjaz
305378,phyo hein kyaw
1650035,addie
124012,jahoo clouseau
703461,adhitya andanu
2080276,soulful pizza
65171,maxim cravzov
257275,reagan
212417,jeda hutchison
1454055,vh
344463,jay
251185,krizjohn rosales
615049,aditya aiyar
1152504,sungmu heo
1376113,ngoc vuong
1325768,anna tukhfatullina food photographer/stylist
399116,alameen a-dae
726989,matthew simmonds
1386430,adrian agawin
1272132,stacey gabrielle koenitz rozells
3014754,tobi law
837240,timo volz
30354901,haritaran
275254,michael d. camphin
2123295,lynde
64080845,kevin kleber
18651040,dmitriy zub
85164430,alexey komissarov
3387216,utpal sarkar
3172290,‰∏ñÂìÅ Ëãè
3448626,yuri kirillov
3478153,david gan
30980896,kate branch
159587696,nikhil soni
2650835,ravish maqsood
254391,jeffrey czum
1920434,mark warner
1721787,jan kop≈ôiva
87604,daniel frank
1243363,nikita ananjevs
318816920,fahri baghirov
361054,edoardo colombo
128389,alexandr borecky
1766970,niklas jeromin
2643303,shahbaz zaman
3008003,denis poltoradnev
3229182,jarod barton
262754331,nikola pavlaƒçkova
183847807,ana carolina escobar arce
57769289,ay≈üenur ≈üahin
192228,ramon  crivelli
22473393,davit magaltadze
124841486,jana va≈àkova
37400614,bengi su yƒ±ldƒ±z
3647289,czapp arpad
12135,xuan hoa le
2542590,amber kipp
2786187,efrem  efre
4850493,asiama junior
1363406,sonja maric
226636,godisable jacob
25343,pavlo luchkovski
2223491,volkan vardar
22991246,anastasiya vragova
1446603,alexander zvir
1411337,iryna olar
328302495,olga kalmazan
3557166,–∫–∞—Ä–∏–Ω–∞ —Ä—É–¥–Ω–∏—Ü—å–∫–∞
74116585,diana lozovska
11440920,khaled kfm
2311477,yevhen sukhenko
151118852,queland ‚Äò
2479301,vitaliy izonin
78162534,jane blaze
121010384,matti karstedt
943092,–∞–ª–µ—Å—å —É—Å—Ü—ñ–Ω–∞—û
3871980,max rahubovskiy
1412204,masha raymers
86422019,filllvlad
87264186,nati
4392283,maksim romashkin
204165274,liliƒÅna legzdi≈Üa
202384190,mikhail  volkov
155336512,photoman
198263373,victor katikov
1815777,serzh prost
30353109,shvets production
9281227,david peinado
3701026,roman skrypnyk
16114186,trev adams
542777,kevin bidwell
2912400,taras chuiko
422505,konevi
2151416,dalya al
273840,brett jordan
2453647,shams alam ansari
3870479,ali karim
35449739,jay glenn recto
168235081,raziuddin farooqi
162805232,abdullah gouiaa
980597,ahmed nashed
2235169,dimas naufal f
1418096,tubarones photography
3068556,yelena odintsova
1217662,figen  kokol
35454765,angelica reyn
2750362,talal hakim
9515285,jepret hikmah
59966164,taha elahi
220481192,abdulaziz asiri
91519855,yasir gurbuz
44398948,shahid ali
3018780,shahbaz hussain shah
3609907,mutahir  jamil
531962,shanu azhicode
104748439,zawawi  rahim
47827920,ÿ≠ŸÖÿ≤ÿ© ÿ±ÿ≥ŸÑÿßŸÜ
221100622,s u l m o h a
266969221,jaweria mushtaq
160122474,mucahid
288920932,m1ddl3  m7n
43718765,farhan raumarci
2299924,purple24
1748912,khawaja umer farooq
263451883,ghasiq anjum
37400713,saddam umar  husain
291183274,destiny  chazer
8095386,mohannad almuqhim
3510412,jati sampurno
79788650,llana
2464,mihis alex
691309,robert fisk
1732026,julien jensen
1429875,bam parima
202985,anne sch
1595941,lea petersen
3029320,nhi uy·ªÉn
2262355,vijay vashistha
8097860,tomas bilka
2777274,grzegorz
3233483,ricardo ortiz
164428159,elia
106557007,matteo angeloni
1047081,laura paredis
3629008,marija  rusaka
261981,heinz klier
161192358,justina ra≈æanauskaitƒó
25431849,martin auge
858355,sushil ghimire
1037414,gustav lundborg
87367,martin  pechy
79379994,luca barth
358265,daniel  jurin
248404,ahmad alsaad
929725,stefan grage
3597731,joe ambrogio
1858,simon rosengren
2421,rene asmussen
114987,hassan ouajbir
836891,anouar olh
584599,samir jammal
1263144,gabriel garcia
2232755,maria sanchez
889439,idriss meliani
1620746,adam b.
140150,zakaria boumliha
216419,polykarpos tiftikoglou
651733,anas fakhari
7862031,piotr arnoldes
2961120,travelwithadrien
195926247,denis komarov
13879682,yassine alaoui
878792,abdelaziz baba
3239935,saad jebbour
74912249,sarah  hall
466603,ramon perucho
1342512,laura the explaura
435351,henry & co.
202994,tsang chung yee
106085,kai-chieh chan
99483,belle co
219375,gabriel peter
198087,chriz luminario
732255,chen
3615017,jimmy liao
2467676,yuan hang chen
195928381,charlotte teo
241205014,sheng-lu wu
3033331,checan27_
2614167,te ta
3448355,jerry liang
3456324,charmaine
2718061,doreen chen
62203242,carmen yeoh
35777904,spotwizardlee
43379071,alix  lee
9517848,kicker erkheme
207740683,alan wang
224182822,owen sta maria
274858443,ligin lee
1356596,allan so
2517621,adi perets
1929144,ÊùéÊòÇËªí
269949,michael spadoni
95225,kilian m
214373,denis linine
465924,louis
948741,roman jaquez
755284,rajesh rathod
284293,miandla
143082,r. fera
57062,matheus guimaraes
1481333,leonard dahmen
134459817,timo niedermann
405354915,svyatoslav teslyak
213214,thomas vitali
152723,bhuwan dhingra
44133,alexandre perotto
315859,karan sharma
1263454,sharafath athimannil
184801,joan costa
2124981,corinna widmer
21730,rafa de
1217369,travel suisse
111534,h. emre
403098,g
9147,catarina sousa
1357330,daniel lazarov
973316,nelson ribeiro
1500349,miraze dewan
2283625,ty
1291297,janik butz
15117379,christian buergi
506845,tanner barrott
3596015,samira
283688374,otto kh
3595154,mercedesz rajki-biro
873864,lady escabia
2139036,mostafa el shershaby
1901382,murat ≈üahin
1263036,arralyn
2040702,dave ang
2213281,thais cordeiro
2006647,mouad mabrouk
929714,the world hopper
63596,mustafa ezz
1281376,marcel winger
1005394,simon ratcliffe
589043,christine schmiederer
1726937,yaroslav mukolayenko
164305,mo alzway
134385239,christyn reyes
33199,diego f. parra
304111065,tarek hagrass
80609558,eman abdelrazik
159809,antonio filigno
154796445,taha abbas
6929905,ted mcdonnell
2030038,zizomagrabi
167169385,omar mofeed
2912862,meenakshi vinay rai
2722948,michiel ton
363026365,free  my eyes
53085107,noriely fernandez
3774320,abd elrahman elokby
3056115,jannah badawi
2343016,rain ican
3619432,cristian bagnarello
133962743,gianna  p1
116282876,fady fouad
143968372,sayed masoumi
99573,svetozar milashevich
70202336,diana biris
1191393,iain
121595,mark dalton
785453,steven hylands
1265112,david geib
6228921,lukas medvedevas
1284491,digory dixon
40206,chris carter
1240723,michel rothstein
1159398,annie  japaud
169879223,yerko portino neira
18906659,bhomick attri
196511756,marcelo leite
103841118,–ª—é–¥–º–∏–ª–∞ —à–∞–ª–∏–º–æ–≤–∞
2304275,tati gely
1170031,wayne
39373071,vijay aditya m
177641814,evan  white
32566274,laura tancredi
735585,tom balabaud
369193,fabian wiktor
1984515,anna shvets
277628,gdtography
202755,jeswin  thomas
1231129,andrea koelink
534256,connor danylenko
1180470,arthur brognoli
219836,nothing ahead
3904203,tom d'arby
1929451,dorota semla
1650120,omotayo tajudeen
15280,piet bakker
218748,blue ox studio
355784,elena blessing
1166886,mario cuadros
302905,git stephen gitau
1519525,pepe caspers
2084198,jessie crettenden
2345853,nicole kruger
1878054,awaji-tono etex
3372733,monstera
157989162,gerbert voortman
175608,kavindra yasas
1610611,tope a. asokere
11559,henry marsh
1901234,seyiram kweku
356636,lori glaholm heron
1192851,michael m
1422884,manuel
642133,jean van der meulen
1162679,ryan jvr
198737,pallab halder
326366,tembela bohle
1962842,alexandra karnasopoulos
1534591,ben muller
906925,larry snickers
1199006,nathan salt
1429816,kate stollery
698134,mudassir ali
3391146,ben mack
790844,rijan hamidovic
205246,nathan cowley
101953,kellie jane
991356,a barry
557149,damon hall
198519,abstract vibe
166079,kat smith
55821,david yu
209780,villy stojanova
1348030,jonas togo
3886204,lachlan  ross
338744,david jia
607316,amanda klamrowski
1409729,kate trifo
310026,bedis elacheche
1717778,sergio gomez
919505,amin weslati
135854,abene sebei
1743137,taha loukil
1554807,chermiti mohamed
392050768,anas ismail
1016931,helmy zairy
123399352,nikita igonkin
335494554,mohamed slimane
856642,amine mayoufi
297994062,jade guettari
1387215,samson bush
51316232,nabil zaafrani
630118,elias strale
46790226,aysegul alp
391110010,mahmoud yahyaoui
123882149,esra af≈üar
67882473,miguel
312590905,hamza ozdemir
182702285,luan gracioli
321165099,rehman yousaf
100707831,kassia melo
247214263,david brown
214377915,barƒ±≈ü turkoz
220484937,agustina montanaro
6862,paolo
1175169,d. c.  cavalleri
2308575,viktor mogilat
1249968,petar starƒçeviƒá
1312300,filippofaccendini
1265106,marci geicz
472736163,paulo cerqueira
105318,gonzalo facello
76907421,neda kekil
326719943,siebe gios
2154208,sinitta leunen
1429772,noah frohn
275581559,siena ramsey
2793841,eko agalarov
392080,maryann kariuki
2468445,w. zhong
137251,micheile.com || visual stories
4431,miguel  arcanjo saddi
602123,mihai vlasceanu
420975,sebastiaan stam
2010657,barb duggan
116950,lil artsy
609406,nathalie  de boever
21368,jaros≈Çaw mi≈õ
2191382,filipe alves
174069,tom swinnen
1491594,jonathan borba
762724,indigo  blackwood
57475,anton atanasov
114220,delcho dichev
2915302,denitsa kireva
2203014,rainer eck
275580228,valentin razhdev
218031986,lubomir vladikov
43740,bob krustev
1809984,stefana ristiƒá
2332494,chavdar lungov
283675042,tsvetelina simeonova
279239442,b·∫£o chau
3465329,valentin
79379338,teodor a. stamov
2437792,svetlana ruskova
44396654,beyza erdem
2307194,nadejda bostanova
2515851,anri lilkov
58132901,slaveyko staripavlov
143460341,alex stoev
102984,vladislav tsankov
55954425,simeon stoilov
415022358,deyvid lyubenov
246992646,andreas -
1777894,ogy kovachev
226059,george negritsoyski
3234124,juwelia
3435837,presentsquare
2570221,bert christiaens
44497,kristian aleksandrov
39041225,momchil bankov
1266170,gerald yambao
2057021,john renzo aledia
2180730,sharmaine monticalbo
230539,christian paul del rosario
209623,archie binamira
1347012,marfil graganza aquino
365528,fania yang
1305492,robert forever ago
1263568,jondave libiran
1263796,crizaldy  diverson
1263654,roiland  hernandez
1272403,med gadon
497556,julian paolo dayag
257366,carlo aguada
1222150,jeys tubianosa
192641,sheila mae capul
202949,allen daryl castillo
1263177,elaine bernadine castro
1536469,darwin frivaldo
26651699,jermaine  boyles
3558541,romel duarte
57407543,john bryan gray agbagala
3017353,rye bon
3069537,nate hovee
1507370,gian marco
182116,abet llacer
250458915,giselle magno
1507405,alexis ricardo alaurin
3281257,aprilli alexinne
3503959,ferdie balean
1487257,meo fernando
67300,janssen panizales
2332378,kevin david
2420762,pink  mean
116283426,jannel ivory
3711507,elmer domingo
18873,m&w studios
181572755,val kilmer donadillo
240572065,jeson cabilic
81020584,patrick quisil
239818699,leo ryx
339724,denniz futalan
310269965,christopher camitan
69815680,jetro castro
168041,kkkkkk b.
546733,emiliano arano
175790,diego rezende
399983,rafael guimaraes
301045231,maria florencia  mancini
811128,luis dalvan
1265215,sesinando
9755600,ana benet
166241,mariano suarez
299522260,noe de angelis
218646257,lucia montenegro
291936414,rodox
308723248,tino coelho
1950685,kristina gain
1682934,ray raimundo
65594294,jay chung
62201526,camila raso
1148818,hector perez
6000197,agustin devani
199438359,gabii fernandez
311040316,grecia talavera
105200226,claudio mota
721533,vinicius dattwyler
58866476,bruno curly
3471506,agustin jo
312593168,antonio lombardo
296479013,maria emilia castanos
3674847,bren pintelos
12168357,anix rollano
2794366,manoel paulo
2100065,andre ulysses de salis
62202084,gaspar massidda
56316040,stefania saturni
50966826,gui volpini
922925,jules ame
290428435,veronica arias
2877501,cecilia risiglione cecilia
1845594,tiago  tins
307956161,sebastian godoy
1411283,denis ovsyannikov
291179414,sole d'alessandro
1264213,manu messina
2561311,ton souza
280715950,noel puebla
301811129,ber guarrochena
1539564,carolyn
301814849,gaby lopez
311819836,jorge cachambi
131183,jonathan petersson
1098458,vicente viana martinez
91719,albin berlin
2243,david skyrius
255918,katelin post
415859,rick bakker
44057,george f
130078,kliks üì∑
1319788,leo leo
40368209,gustav glans
1323867,shrinish donde
3478699,tushar mahajan
334491,johann
227180,micael widell
75708665,mike klokov
220156,daniel spase
1265561,mathias celis
1017505,isak fransson
3876357,damir
64078839,antonio di giacomo
280714467,aubin kirch
361283211,henrik tuvesson
1508780,mostafa meraji
21293,kasuma
53438957,masih shahbazi
266256530,mohammad amid
8098931,mahdi bafande
15612232,michael bayazidi
221102024,hanif ali baluch
3284994,bahram yaghooti
154262224,mohammad ramezani
3840660,ali karimiboroujeni
939189,atiabii
2160295,kamran  gholami
2292875,arian malek khosravi
2197332,amir seilsepour
1198200,nima gerivani
754915,behnam ramezani
153183311,alireza rabie moghadam
303341023,ali karimi
126286319,seyyed ebrahimm
194759391,shokou  .
3496142,reza tavakoli
1568896,nima nezafat yazdi
819900,inimafoto a
415408,marziye tabeshfard
140253,nurkamol vakhidov
373675195,myrzabek ozubekov
31319,azamat esenaliev
3463954,theerl
3432266,leonid altman
173741945,collab media
9755097,monica oprea
169884138,kyle  miller
193601188,zeynep sude  emek
3131171,joaquin carfagna
112763,jay fauntleroy
333885587,g. jau
27563768,anderson hildebrando
128711811,jame_9bkk
155336674,ulises leon
120534369,nano erdozain
306411422,micah loughman
194760501,george stathis
322737964,selman arif golbasi
192438853,asad ansari
161728174,serg alesenko
44056066,ye≈ü
211952810,kenny foo
320381804,emre  akyol
2542429,hyukman kwon
48707,ravi kant
330689650,gulru sude
296479801,andrew gaertner
31296742,cameron gawn
177895,matheus bertelli
329898088,shae devereaux
858710,kunno jayson
3632088,nicole ashley rahayu densmoor
3934938,abdullah aydin
220481540,jakhongir  eshnazarov
3852947,–º–∞—Ä—É—Å—è –ø–µ—á–∫–∞–Ω–æ–≤–∞
133603941,mavluda tashbaeva
57039486,mustafa kurt
575622,timcompound
318819549,"sururi ballƒ±daƒü ""director"""
288923052,ebrar karabulut
2855498,afzalbek sadikov (uzbekistan)
224802260,ekaterina protsevskaia
68654281,kakhraman nazar
77754193,—Ç–µ–º—É—Ä —Å–∞–ø—Ä—ã–∫–∏–Ω
391109561,anastazja
3028372,zokirjon kodirov
44056134,ryu
170980179,xayriddin baxromxo'jayev
20194213,ruslan ayupov
1263068,tiago cardoso
1628521,allphoto bangkok
3907884,lachcim kejarko
8099968,addie davis
3815982,sophanna muon
11682118,chris economou
865852,alex borghi
185552145,·ûõ·û∏·ûì
243127397,guide pailin cambodia
82252426,akos helgert
445991,vincent gerbouin
1318045,hm grand central hotel
33522079,gusti mega
39708736,wildlife alliance
12166009,ouk socheat
3454009,chantha ou
2402804,michiel verledens
60709506,ann zzz
40039800,kry theara
77351542,max mishin
2708108,balazs simon
3199446,kelly jack
918921,renda photography
92810143,k c siu
